n,c,M_n_c,m_knee,parameter_path,P,matched_total_dimension,project_error,augmented_error,project_P_plus_1_error,Boulsane_error,causal_ratio_or_upper_bound,causal_ratio_is_floor_upper_bound,matched_ratio_or_upper_bound,matched_ratio_is_floor_upper_bound,reference_endpoint_absolute_value,augmented_endpoint_absolute_value,augmented_endpoint_absolute_error,project_Rayleigh_residual,augmented_Rayleigh_residual,Boulsane_Rayleigh_residual,augmented_matrix_audit_passed,Boulsane_matrix_audit_passed,case_boundary_explanation_supported
0,10,3,3,fixed continuous c,8,9,0.05679778159224258,2.5943398830274855e-05,0.05005318247799004,0.007395070076961746,0.0004567678191469752,False,0.0005183166693083498,False,2.9882531865477135,3.060611828852465,0.07235864230475153,0.10337410933106872,0.002506147314077249,0.3244995771776308,True,True,True
0,10,3,3,fixed continuous c,11,12,0.04053224651245341,5.073836000013543e-06,0.037034967862168394,0.004085123117732792,0.0001251802314597742,False,0.0001370012259466956,False,2.9882531865477135,3.025967958098096,0.0377147715503825,0.09097679130820238,0.0011083664521467358,0.2833036467864788,True,True,True
0,10,3,3,fixed continuous c,15,16,0.029453307163767567,1.0636218173154521e-06,0.02757850423112318,0.0022813466447163255,3.611213543529953e-05,False,3.856705963462379e-05,False,2.9882531865477135,3.0084579494273473,0.020204762879633797,0.07955688776918923,0.0005074730431258303,0.2811289277578632,True,True,True
0,10,3,3,fixed continuous c,23,24,0.019100846591047327,1.2562125448201122e-07,0.01829919907966024,0.001011818901532513,6.576737522246297e-06,False,6.864849873218803e-06,False,2.9882531865477135,2.9968563681608638,0.008603181613150213,0.0655091951786203,0.0001744021884769162,0.24317380674149097,True,True,True
0,10,3,3,fixed continuous c,35,36,0.012526012705047995,1.5500396771672698e-08,0.012177133237173815,0.0004503233873776602,1.2374565743036508e-06,False,1.2729101726795408e-06,False,2.9882531865477135,2.991979793993824,0.0037266074461106413,0.05376473369334524,6.126213596932109e-05,0.18505976105682248,True,True,True
0,10,3,3,fixed continuous c,51,52,0.00859052154605952,2.3748270294721152e-09,0.008425161125049235,0.00021625771365546553,2.764473631477533e-07,False,2.818731884440058e-07,False,2.9882531865477135,2.9900131051978995,0.0017599186501859876,0.04487114421272302,2.397939462338344e-05,0.13593285359464718,True,True,True
0,10,3,3,fixed continuous c,67,68,0.006537883705331066,6.093502646908888e-10,0.0064417029144485105,0.0001266359809728168,9.320298312954352e-08,False,9.459459288694265e-08,False,2.9882531865477135,2.989274630256066,0.001021443708352443,0.03930055647270849,1.2146751143906767e-05,0.10641492203194264,True,True,True
0,10,3,3,fixed continuous c,99,100,0.004424357224926734,8.69003480286068e-11,0.004380113887986342,5.865485709841134e-05,1.964134983021084e-08,False,1.9839746237410566e-08,False,2.9882531865477135,2.9887219221017784,0.00046873555406490297,0.03246054373164781,4.587526516682189e-06,0.07368688621418622,True,True,True
0,20,6,6,fixed continuous c,11,12,0.09749363433350311,0.0003036986916871709,0.08764672158860715,0.007318493739820686,0.0031150617551940684,False,0.0034650319622068727,False,3.4765240401731874,3.6937962061256426,0.21727216595245524,0.16923897476025399,0.010949052014992243,0.3856544815645638,True,True,True
0,20,6,6,fixed continuous c,14,15,0.07325133311304416,7.716222366549452e-05,0.06778735715068407,0.004413558278795859,0.0010533900256315463,False,0.001138298156306214,False,3.4765240401731874,3.602814897004925,0.12629085683173757,0.15318354343355373,0.005520644351448257,0.3566892879252842,True,True,True
0,20,6,6,fixed continuous c,18,19,0.05554615087497372,2.0051435429657705e-05,0.05242442011892706,0.0026556740949515434,0.00036098694713861557,False,0.00038248273198196865,False,3.4765240401731874,3.5504638993970468,0.07393985922385937,0.13729159907062818,0.002814447979232125,0.3004995965354655,True,True,True
0,20,6,6,fixed continuous c,26,27,0.03774800006922424,2.994708048986716e-06,0.03630700683198829,0.001281504723925797,7.93342175345678e-05,False,8.248292300284663e-05,False,3.4765240401731874,3.5111905748853016,0.03466653471211423,0.1162379808028649,0.0010876961058940348,0.27718005040146504,True,True,True
0,20,6,6,fixed continuous c,38,39,0.025611609114686518,4.3800759419454494e-07,0.024945980207988994,0.0006074743039691799,1.7101916253414057e-05,False,1.7558243474204e-05,False,3.4765240401731874,3.4926176953087698,0.016093655135582363,0.0973788197386559,0.0004159801781778407,0.20470212914714148,True,True,True
0,20,6,6,fixed continuous c,54,55,0.017960845517840496,7.499022208756756e-08,0.01763223920936713,0.00030427265864702013,4.175205561067814e-06,False,4.25301750941134e-06,False,3.4765240401731874,3.484474355321006,0.007950315147818632,0.08237871627218618,0.00017212123391264098,0.19258821653165487,True,True,True
0,20,6,6,fixed continuous c,70,71,0.013838046604577825,2.0452553539662688e-08,0.01364247171929961,0.0001824046657238343,1.4779942663942676e-06,False,1.499182403341841e-06,False,3.4765240401731874,3.481253509288435,0.004729469115247742,0.0726929623955176,8.98889359218937e-05,0.18628071818461975,True,True,True
0,20,6,6,fixed continuous c,102,103,0.009488429417382482,3.1139215095343786e-09,0.009396183322006257,8.665339379876347e-05,3.281809214736613e-07,False,3.314028050348319e-07,False,3.4765240401731874,3.478752178937887,0.0022281387646994055,0.060524227668164315,3.50743013985816e-05,0.15722590006037368,True,True,True
0,40,12,12,fixed continuous c,17,18,0.11140830536663715,0.0013695167849461232,0.10267356546144923,0.025114649505010855,0.012292770996194014,False,0.013338552905911644,False,3.517378572083051,3.9287942995814453,0.4114157274983943,0.23388644630663444,0.029967614571447972,0.4512318589703907,True,True,True
0,40,12,12,fixed continuous c,20,21,0.08935850073944374,0.00045626025516487534,0.08409728656075655,0.016499643843376433,0.005105952443128643,False,0.005425386166713567,False,3.517378572083051,3.7869317621216956,0.26955319003864453,0.21675358723249855,0.01730886754896029,0.4157270162337627,True,True,True
0,40,12,12,fixed continuous c,24,25,0.0717979073978976,0.000151492234149897,0.06853103470926203,0.010789091596592582,0.00210998119082135,False,0.0022105639407400146,False,3.517378572083051,3.692692896648703,0.17531432456565188,0.19933177488995643,0.009976066910850467,0.3762892296235553,True,True,True
0,40,12,12,fixed continuous c,32,33,0.05229818766582606,3.0483893913246796e-05,0.05061521436359517,0.0057900664894390275,0.0005828862389655296,False,0.0006022674070737955,False,3.517378572083051,3.610549064124722,0.09317049204167116,0.17468432562488603,0.004475492594937616,0.3221832132236498,True,True,True
0,40,12,12,fixed continuous c,44,45,0.03751458071012337,5.6762501424723055e-06,0.03665996782624581,0.0030008801436798294,0.00015130783911282156,False,0.00015483510976811423,False,3.517378572083051,3.565179386508772,0.04780081442572115,0.1507180763098018,0.0019312790894842004,0.28359172779129027,True,True,True
0,40,12,12,fixed continuous c,60,61,0.027368288340426816,1.154499511435425e-06,0.026915579327327688,0.0016042682542418696,4.218384054840823e-05,False,4.2893355457641915e-05,False,3.517378572083051,3.5427198164935043,0.025341244410453267,0.13027914075320077,0.0008709891716636634,0.24490813081757434,True,True,True
0,40,12,12,fixed continuous c,76,77,0.02157626376474009,3.4813892424434556e-07,0.021295215938072376,0.0009994869741780654,1.6135273837969753e-05,False,1.6348222307618393e-05,False,3.517378572083051,3.5330830943538083,0.01570452227075725,0.1164319760112307,0.0004782913149212344,0.20647413855632524,True,True,True
0,40,12,12,fixed continuous c,108,109,0.015179688346402598,5.931694146976696e-08,0.015040576252442484,0.0004959785840707998,3.907652128037553e-06,False,3.943794471314509e-06,False,3.517378572083051,3.5251226456710234,0.0077440735879723555,0.09834133142893911,0.00019742672774089847,0.18945515648699188,True,True,True
0,80,25,25,fixed continuous c,30,31,0.15142405912350942,0.004860503966525265,0.14147818294702702,0.004462453751685802,0.03209862418600721,False,0.03435514837185292,False,5.831808111470331,6.9673688745938085,1.1355607631234772,0.21023570603962669,0.0479036170777579,0.4703512605758338,True,True,True
0,80,25,25,fixed continuous c,33,34,0.12613732737911398,0.002123809852673464,0.11999186717451577,0.0032928003845655307,0.016837282799644346,False,0.017699615004611955,False,5.831808111470331,6.6575411647127645,0.8257330532424332,0.20221783500067997,0.031759151119033865,0.44928825427895847,True,True,True
0,80,25,25,fixed continuous c,37,38,0.10536444541228579,0.0009130062124766969,0.10140326272586964,0.0023909908484435194,0.008665221070581725,False,0.00900371632957106,False,5.831808111470331,6.427169490182399,0.5953613787120675,0.19238828513151765,0.020850103874458778,0.4196131119058539,True,True,True
0,80,25,25,fixed continuous c,45,46,0.081076827560359,0.00025893163495288585,0.07889493722623714,0.0014694826189941002,0.003193657703986011,False,0.0032819803659945887,False,5.831808111470331,6.195636750627486,0.3638286391571546,0.17619573463445193,0.011111279839156881,0.37419327695676935,True,True,True
0,80,25,25,fixed continuous c,57,58,0.06127673011983509,6.582514373676407e-05,0.060082385154742124,0.0008603451911852744,0.0010742274205564483,False,0.0010955814015577356,False,5.831808111470331,6.043890464059043,0.21208235258871166,0.15812711785265046,0.005603450955295331,0.3293444493573202,True,True,True
0,80,25,25,fixed continuous c,73,74,0.0466554185385854,1.7137085855323253e-05,0.045978352683147816,0.0005066209303802305,0.0003673118019753778,False,0.0003727207447691881,False,5.831808111470331,5.956218550873827,0.12441043940349594,0.14097164270140927,0.002859238059522391,0.2934969201605452,True,True,True
0,80,25,25,fixed continuous c,89,90,0.037807024836967296,6.039431024174036e-06,0.03736680519136509,0.0003355500932812894,0.00015974362040434205,False,0.00016162556561216684,False,5.831808111470331,5.913983501798255,0.08217539032792409,0.12845115817516065,0.0016974027082426093,0.2632046703528739,True,True,True
0,80,25,25,fixed continuous c,121,122,0.02750468376436177,1.2408993804724489e-06,0.027273589179343083,0.0001792504010106888,4.511592974867432e-05,False,4.549820605981341e-05,False,5.831808111470331,5.875543142404823,0.04373503093449127,0.11102906119453546,0.0007694091785820398,0.22849749346141163,True,True,True
1,10,2,2,fixed continuous c,7,8,0.06745722982000824,4.263324562581161e-05,0.05920258782018195,0.005831205347699431,0.000632004097108155,False,0.0007201246971720735,False,1.940594867270971,1.9947042199455278,0.054109352674556854,0.19781140831388327,0.005319205202876756,0.3572372445685134,True,True,True
1,10,2,2,fixed continuous c,10,11,0.04768987521260959,7.578762458604338e-06,0.04349709398717061,0.003089298962103193,0.00015891764079517767,False,0.00017423606415729013,False,1.940594867270971,1.9677785124635836,0.027183645192612627,0.16989096897165856,0.0022427537554370446,0.3107182206811186,True,True,True
1,10,2,2,fixed continuous c,14,15,0.034466276742147084,1.4906238575695951e-06,0.0322445794943057,0.0016783719091822968,4.324876367474836e-05,False,4.62286648158285e-05,False,1.940594867270971,1.9547981106222052,0.01420324335123424,0.1463954288825698,0.0009946452657366173,0.22739847130378435,True,True,True
1,10,2,2,fixed continuous c,22,23,0.02224965462664552,1.6596205054675295e-07,0.021308644390069076,0.0007259923601976581,7.4590843467746125e-06,False,7.788484687655673e-06,False,1.940594867270971,1.9465026891971775,0.005907821926206536,0.1190422741088059,0.0003318860343615829,0.1212981147413553,True,True,True
1,10,2,2,fixed continuous c,34,35,0.014551356295856466,1.9726897670935273e-08,0.014144074415811447,0.0003181264062580569,1.3556741564051012e-06,False,1.3947111059372588e-06,False,1.940594867270971,1.94311607963698,0.002521212366008996,0.09697631669519059,0.00011442321334660136,0.058080929610109765,True,True,True
1,10,2,2,fixed continuous c,50,51,0.009963860966042182,2.955533040527314e-09,0.009771427094934726,0.00015137553898270095,2.9662527915634926e-07,False,3.0246687733661665e-07,False,1.940594867270971,1.9417749330322793,0.0011800657613083576,0.08058968441128055,4.428976984555862e-05,0.028673225040978474,True,True,True
1,10,2,2,fixed continuous c,66,67,0.007576962645701957,7.495565279569405e-10,0.007465215097557154,8.822141508890713e-05,9.892572565104667e-08,False,1.0040655468885528e-07,False,1.940594867270971,1.9412765787779616,0.0006817115069905899,0.07043115780523336,2.230441153468344e-05,0.016965252519039967,True,True,True
1,10,2,2,fixed continuous c,98,99,0.005123315993344146,1.0562584140672016e-10,0.005071996240345822,4.066326216289884e-05,2.06166946454097e-08,False,2.0825299625915793e-08,False,1.940594867270971,1.9409061998341026,0.0003113325631316499,0.058044710058717953,8.373320646572009e-06,0.00792827776169309,True,True,True
1,20,6,5,fixed continuous c,11,12,0.0656753401440735,0.00012172474521188192,0.05998430197991034,0.015973314956680196,0.00185343151546458,False,0.002029276680633033,False,2.2004645556353597,2.3023047441210953,0.10184018848573562,0.20651992244476608,0.009640980293262302,0.3991271819243477,True,True,True
1,20,6,5,fixed continuous c,14,15,0.051264717206846555,3.3948445130382865e-05,0.04783329896266586,0.009882336651013457,0.0006622185194820298,False,0.0007097241015485844,False,2.2004645556353597,2.262032421849658,0.06156786621429822,0.18615214644826628,0.005091708340815284,0.341681406261996,True,True,True
1,20,6,5,fixed continuous c,18,19,0.03990784904823641,9.38342198564257e-06,0.037834817821680744,0.0060567732289731335,0.00023512722959087264,False,0.00024801023305748613,False,2.2004645556353597,2.2374378484235438,0.036973292788184065,0.16671133362315715,0.0026769520286550785,0.3248734142000736,True,True,True
1,20,6,5,fixed continuous c,26,27,0.02781159439740255,1.4836534489859332e-06,0.02680312936268403,0.0029766806543192192,5.334658012718963e-05,False,5.5353739815601965e-05,False,2.2004645556353597,2.218203669048914,0.017739113413554275,0.14127697047573287,0.001064457475861903,0.24963261754722288,True,True,True
1,20,6,5,fixed continuous c,38,39,0.019184193533515193,2.2500379970313844e-07,0.018702286537346846,0.0014286416127973212,1.17286035146618e-05,False,1.20308176892609e-05,False,2.2004645556353597,2.2088199729232167,0.008355417287857048,0.1185337631900509,0.00041453133834161475,0.2384323551650866,True,True,True
1,20,6,5,fixed continuous c,54,55,0.01359097406192833,3.937153325583864e-08,0.013348093674031003,0.0007211881867792425,2.8968882639639506e-06,False,2.949599711937652e-06,False,2.2004645556353597,2.2046281699454875,0.0041636143101277945,0.10040345031359994,0.00017340186504854425,0.18326904812881975,True,True,True
1,20,6,5,fixed continuous c,70,71,0.010528022146520488,1.0861553434438065e-08,0.010381877805383688,0.000434160796254246,1.0316803368453978e-06,False,1.0462031665221135e-06,False,2.2004645556353597,2.2029527004303016,0.00248814479494186,0.08866835438150057,9.107703847483757e-05,0.13158412040559397,True,True,True
1,20,6,5,fixed continuous c,102,103,0.007259726838738545,1.6733736618590456e-09,0.007190005418784895,0.00020717309256790273,2.305009126417506e-07,False,2.327360779850211e-07,False,2.2004645556353597,2.201642303152146,0.0011777475167864537,0.07389212531538107,3.574883135035467e-05,0.07208321761933911,True,True,True
1,40,12,12,fixed continuous c,17,18,0.11509423867433838,0.0011104661122359194,0.10572994272790667,0.02495820424567602,0.009648320585168534,False,0.010502853624858909,False,4.967984069574932,5.520709403656626,0.5527253340816944,0.1528806564455607,0.018857417308356557,0.44435073565400846,True,True,True
1,40,12,12,fixed continuous c,20,21,0.09149839081844746,0.00038739320868008686,0.08590089025498973,0.016822017007234402,0.004233880019253656,False,0.004509769427652519,False,4.967984069574932,5.332703772468497,0.3647197028935647,0.14485102882274659,0.011151210874336395,0.4044845246849608,True,True,True
1,40,12,12,fixed continuous c,24,25,0.07289426584651498,0.00013286227298026088,0.06946078075145923,0.011195433541171473,0.0018226711173690065,False,0.0019127667662657206,False,4.967984069574932,5.206887769915521,0.23890370034058872,0.13490902893337703,0.006533169875202595,0.369915342123144,True,True,True
1,40,12,12,fixed continuous c,32,33,0.052550951477852936,2.762969575592633e-05,0.05081303438689555,0.006111935491154907,0.0005257696574260998,False,0.0005437521315013595,False,4.967984069574932,5.096141395538004,0.1281573259630724,0.11939900610211568,0.0029797726486596545,0.32156557725763824,True,True,True
1,40,12,12,fixed continuous c,44,45,0.03738837230335179,5.267163739941516e-06,0.03651912512789646,0.0032045313203400982,0.00014087705389275064,False,0.00014423028266682112,False,4.967984069574932,5.034257553485591,0.0662734839106589,0.1035363569748784,0.0013010638117727368,0.2702408914354301,True,True,True
1,40,12,12,fixed continuous c,60,61,0.02712071508503089,1.0882192609251717e-06,0.02666526968187033,0.001725750025222017,4.012502094850027e-05,False,4.081036021417215e-05,False,4.967984069574932,5.003321134651228,0.03533706507629564,0.08971242804768455,0.0005913862324903605,0.23216502859493185,True,True,True
1,40,12,12,fixed continuous c,76,77,0.021311034085726765,3.3106590519027534e-07,0.02103008809461998,0.0010794739512915985,1.553495263808007e-05,False,1.5742487796566587e-05,False,4.967984069574932,4.989957199239684,0.021973129664751845,0.08026129791291874,0.0003261901010068005,0.2183626227022623,True,True,True
1,40,12,12,fixed continuous c,108,109,0.014938757218589394,5.695821436724202e-08,0.01480068422243852,0.0005379581983820936,3.8127813133186695e-06,False,3.848350083767799e-06,False,4.967984069574932,4.978860333592247,0.01087626401731523,0.06785221184535632,0.00013529824800368793,0.1680081949431023,True,True,True
1,80,25,24,fixed continuous c,30,31,0.08809493997029427,0.0018300807090734228,0.08400744430676566,0.04822307646357693,0.02077395943161467,False,0.02178474448515076,False,3.937882132896854,4.486469104076957,0.5485869711801032,0.22121761696257541,0.037462712729666066,0.47900485031809176,True,True,True
1,80,25,24,fixed continuous c,33,34,0.07717422467106749,0.0008774091891953217,0.07426072157077312,0.0359130705102747,0.01136919992309636,False,0.011815252675118695,False,3.937882132896854,4.357826665568594,0.41994453267174014,0.21256711647092014,0.02596090553258797,0.4471591670155703,True,True,True
1,80,25,24,fixed continuous c,37,38,0.06693298928580038,0.0004020275337297541,0.06485566659912578,0.026336684332885496,0.006006418330027327,False,0.0061988035095636995,False,3.937882132896854,4.251137226755638,0.31325509385878414,0.2025628504862101,0.017580638327038028,0.41955991939058657,True,True,True
1,80,25,24,fixed continuous c,45,46,0.05359920575778654,0.00012121690937594298,0.052333379814382464,0.01639327871112517,0.002261543014717777,False,0.002316244618747702,False,3.937882132896854,4.135329754882331,0.19744762198547727,0.1863365453621732,0.00965617126112826,0.3806469751486159,True,True,True
1,80,25,24,fixed continuous c,57,58,0.04172376633857067,3.208146303856907e-05,0.04098020538451996,0.009697290944714276,0.0007689014164790782,False,0.0007828526660017096,False,3.937882132896854,4.055187712308732,0.11730557941187802,0.16812991410907016,0.004968084305887954,0.3379804748123206,True,True,True
1,80,25,24,fixed continuous c,73,74,0.032417543471566446,8.560769663490397e-06,0.03197607612520814,0.005751420856315748,0.00026407829670989976,False,0.00026772420824772706,False,3.937882132896854,4.007455046784977,0.06957291388812292,0.1506173547682386,0.0025664256593687903,0.2940315184571236,True,True,True
1,80,25,24,fixed continuous c,89,90,0.026577050641116484,3.0564006975319913e-06,0.02628250804580179,0.0038248339942407172,0.00011500150030957664,False,0.00011629029817876162,False,3.937882132896854,3.9840919450620054,0.0462098121651513,0.13768607259232346,0.0015334862855906734,0.2714782568003839,True,True,True
1,80,25,24,fixed continuous c,121,122,0.01958800734672006,6.364336662123549e-07,0.01942896948755557,0.0020522433011758157,3.24909856805278e-05,False,3.275694403761334e-05,False,3.937882132896854,3.9626122497094114,0.024730116812557323,0.11949234638588581,0.00069976534448005,0.2316945678907469,True,True,True
2,10,2,2,fixed continuous c,7,8,0.06142188348634792,3.363978023407377e-05,0.05409384916826912,0.011807014968542417,0.000547683957649244,False,0.0006218781016937968,False,2.8677624579988428,2.9436448190089703,0.07588236101012757,0.11754253651035097,0.00309309159649317,0.3202510445290382,True,True,True
2,10,2,2,fixed continuous c,10,11,0.043778546191856754,6.532023861471892e-06,0.03999619048040173,0.006583400729947619,0.00014920604793146176,False,0.00016331615043869253,False,2.8677624579988428,2.9072070362611417,0.03944457826229897,0.10305707543197008,0.0013630548064159362,0.18573130478951397,True,True,True
2,10,2,2,fixed continuous c,14,15,0.03180521977079065,1.3643632200133204e-06,0.029781084980884387,0.0036955841113002763,4.2897462424275635e-05,False,4.581307970777645e-05,False,2.8677624579988428,2.8888650701437073,0.02110261214486453,0.08994349534674102,0.0006229581083797295,0.09599375611734508,True,True,True
2,10,2,2,fixed continuous c,22,23,0.020631327254702014,1.6075664432957382e-07,0.01976620855798944,0.0016451042289321038,7.791871184290207e-06,False,8.132902365061634e-06,False,2.8677624579988428,2.876739792156969,0.008977334158126293,0.0739587399746898,0.00021383527716019676,0.03248198204409044,True,True,True
2,10,2,2,fixed continuous c,34,35,0.013535052548669657,1.9815883101070852e-08,0.013158414551377062,0.0007333764058142789,1.4640418298943752e-06,False,1.5059476218582177e-06,False,2.8677624579988428,2.8716496474334154,0.0038871894345726687,0.060659623459020116,7.507613718641559e-05,0.01019707839807121,True,True,True
2,10,2,2,fixed continuous c,50,51,0.009285570060795223,3.0347824253595945e-09,0.009106968975411966,0.0003524289763586763,3.2682779899241787e-07,False,3.33237373878537e-07,False,2.8677624579988428,2.869597928602379,0.0018354706035363932,0.050609950477471286,2.938057411454118e-05,0.0035865795833413617,True,True,True
2,10,2,2,fixed continuous c,66,67,0.007068249040218855,7.785690425698988e-10,0.006964333346152873,0.00020642922855113044,1.1015019959537134e-07,False,1.1179376458192994e-07,False,2.8677624579988428,2.8688276894895837,0.0010652314907408922,0.044320940371178556,1.4881587645126027e-05,0.00177325633201887,True,True,True
2,10,2,2,fixed continuous c,98,99,0.004784332156705984,1.1102324615208659e-10,0.004736512105852242,9.563230554737734e-05,2.3205589101181087e-08,False,2.343987382929113e-08,False,2.8677624579988428,2.8682512662319226,0.0004888082330798404,0.036602756457890365,5.620087487409747e-06,0.0007643250996463564,True,True,True
2,20,5,5,fixed continuous c,10,11,0.09865181391528643,0.0003196921594235125,0.08866830149486349,0.012409482210540002,0.003240611061627678,False,0.003605484192589751,False,3.398048649959331,3.614266938930304,0.21621828897097295,0.17625074372232302,0.011566601873117406,0.38756490176809294,True,True,True
2,20,5,5,fixed continuous c,13,14,0.07409033015060185,8.094903269073583e-05,0.06856123087717458,0.007648317910484204,0.0010925721686783206,False,0.0011806823135330465,False,3.398048649959331,3.5235915730557767,0.12554292309644577,0.15920965683276156,0.005822047402113113,0.34974393268555676,True,True,True
2,20,5,5,fixed continuous c,17,18,0.05618001296729069,2.0995425039527227e-05,0.05302352380190373,0.004665767034239043,0.0003737169845751237,False,0.00039596434816302077,False,3.398048649959331,3.471504096286383,0.07345544632705181,0.14252853975428442,0.002965273112258294,0.2981877745534835,True,True,True
2,20,5,5,fixed continuous c,25,26,0.03818601263195065,3.1312928473470336e-06,0.03672924482208206,0.002276540642337954,8.200104256832113e-05,False,8.525339582981197e-05,False,3.398048649959331,3.432471242255647,0.03442259229631617,0.12056508485437542,0.001145180235935538,0.2664859341301141,True,True,True
2,20,5,5,fixed continuous c,37,38,0.02591569667538829,4.576837014380608e-07,0.025242615645627242,0.00108514200720633,1.7660482261806817e-05,False,1.813138970474896e-05,False,3.398048649959331,3.4140252550170214,0.015976605057690385,0.10095866129110587,0.0004378205895440939,0.18996165345449192,True,True,True
2,20,5,5,fixed continuous c,53,54,0.018178201543510908,7.833645926380584e-08,0.01784580979069622,0.000544894844759114,4.309362456803087e-06,False,4.38962760348628e-06,False,3.398048649959331,3.4059403013974783,0.007891651438147296,0.08538855375903108,0.00018113222884681061,0.09644728139722478,True,True,True
2,20,5,5,fixed continuous c,69,70,0.014007478013575991,2.1362774993427536e-08,0.01380960510724133,0.00032698363654770635,1.5250978779136987e-06,False,1.5469504614744964e-06,False,3.398048649959331,3.4027430209918834,0.004694371032552436,0.07534164401614163,9.458950333951713e-05,0.051520961995659725,True,True,True
2,20,5,5,fixed continuous c,101,102,0.009606166063892418,3.252221381089271e-09,0.009512809650372489,0.00015546130439675343,3.3855560683191757e-07,False,3.418781096878066e-07,False,3.398048649959331,3.4002601794220797,0.002211529462748718,0.06272411559458117,3.6906823746765896e-05,0.01883038028165571,True,True,True
2,40,11,11,fixed continuous c,16,17,0.10944523054190358,0.0013374196534755578,0.10090254794530185,0.020853487003903215,0.012219990280558608,False,0.013254567706264049,False,3.4661517560239394,3.869385520962741,0.40323376493880136,0.2340609999669665,0.029844479434518564,0.45066440217140535,True,True,True
2,40,11,11,fixed continuous c,19,20,0.08786469223719806,0.00044575053742412774,0.08270821669789008,0.013419227804133627,0.005073147427874521,False,0.005389434752925812,False,3.4661517560239394,3.7304815974671826,0.2643298414432431,0.21688678447726978,0.017240858908698437,0.4157760242108086,True,True,True
2,40,11,11,fixed continuous c,23,24,0.07064399685353495,0.00014804064040907505,0.06743743570018979,0.008640013541829639,0.00209558698548732,False,0.002195229383679819,False,3.4661517560239394,3.638114016245658,0.17196226022171857,0.1994425225946187,0.009938065838291961,0.3768566737656171,True,True,True
2,40,11,11,fixed continuous c,31,32,0.051492000558233,2.9795531748644244e-05,0.049837717488537825,0.004568526879503598,0.0005786438946948289,False,0.0005978510503715769,False,3.4661517560239394,3.5575565370643414,0.09140478104040195,0.17477823277924825,0.004458893936378745,0.3199508130870708,True,True,True
2,40,11,11,fixed continuous c,43,44,0.03695378305437924,5.548668467358908e-06,0.03611291048735199,0.0023469787081318305,0.00015015156795161622,False,0.0001536477783839175,False,3.4661517560239394,3.513049947554771,0.046898191530831745,0.1508021092594663,0.0019242183988592912,0.2814635116359153,True,True,True
2,40,11,11,fixed continuous c,59,60,0.02696761533603864,1.1286080361383455e-06,0.026521900050182512,0.0012489657494068052,4.185049445696114e-05,False,4.255381529991773e-05,False,3.4661517560239394,3.4910151381676964,0.02486338214375694,0.13035575684799183,0.0008678268871490222,0.23951766677388558,True,True,True
2,40,11,11,fixed continuous c,75,76,0.02126411901187031,3.4033866203042606e-07,0.020987314763968756,0.0007765613471762967,1.6005302728057445e-05,False,1.621639861306712e-05,False,3.4661517560239394,3.4815602794141753,0.015408523390235906,0.11650318646838306,0.0004765598877599378,0.20442666549744673,True,True,True
2,40,11,11,fixed continuous c,107,108,0.01496294864926584,5.798893532027449e-08,0.014825884219991092,0.00038470371681076365,3.875501859930511e-06,False,3.911330647118013e-06,False,3.4661517560239394,3.4737499183751104,0.007598162351170945,0.0984045268389375,0.00019671375736976724,0.18219868626791366,True,True,True
2,80,24,24,fixed continuous c,29,30,0.1512904856977571,0.004879692708045724,0.14135936456300824,0.007407377379163471,0.03225379762342891,False,0.03451976968862713,False,5.802563286084113,6.933262528858794,1.1306992427746811,0.2116463654047687,0.04825404352155942,0.47041361917980384,True,True,True
2,80,24,24,fixed continuous c,32,33,0.1260419968325051,0.0021309699138905014,0.11990588834403887,0.005690672765218674,0.016906824450919386,False,0.017772020568132863,False,5.802563286084113,6.624840235097967,0.8222769490138537,0.20347848791690565,0.031981637886662265,0.44903362272647357,True,True,True
2,80,24,24,fixed continuous c,36,37,0.105299945991082,0.000915747277946799,0.10134430263165345,0.004276792753357461,0.008696559806634231,False,0.009036001572532192,False,5.802563286084113,6.395461670529048,0.5928983844449354,0.19353172157221618,0.020992132006692164,0.41937107065592577,True,True,True
2,80,24,24,fixed continuous c,44,45,0.08104366508433186,0.00025962257260159216,0.07886423837843637,0.00273113273477249,0.003203490023944942,False,0.0032920190182497222,False,5.802563286084113,6.164893632319323,0.3623303462352103,0.17720088978586862,0.01118505985731635,0.3740038414578833,True,True,True
2,80,24,24,fixed continuous c,56,57,0.06126333314153998,6.598740178459517e-05,0.060069981045710874,0.0016430264527347305,0.0010771108655178933,False,0.001098508783187086,False,5.802563286084113,6.013770454814633,0.21120716873052015,0.15900990556388545,0.005640079609570108,0.3292734284829064,True,True,True
2,80,24,24,fixed continuous c,72,73,0.046652431415907525,1.7177390862099795e-05,0.04597575158147155,0.000983569027553144,0.00036819926294865427,False,0.00037361848955662027,False,5.802563286084113,5.926458550162253,0.12389526407813989,0.14175133062067632,0.002877765205814224,0.2927989836145665,True,True,True
2,80,24,24,fixed continuous c,88,89,0.037808365702573954,6.053312544496148e-06,0.0373683198593206,0.000656777594434832,0.00016010510986154698,False,0.00016199049267627961,False,5.802563286084113,5.884397577502058,0.08183429141794463,0.12915945108846713,0.0017083557998621504,0.2631764332003995,True,True,True
2,80,24,24,fixed continuous c,120,121,0.027509005165581413,1.243691937824476e-06,0.027277950686621866,0.0003535100941268188,4.5210356766392724e-05,False,4.5593305454373053e-05,False,5.802563286084113,5.8461162894265835,0.043553003342470475,0.11164060264978697,0.000774355462562664,0.22851790970139035,True,True,True
4,10,1,1,fixed continuous c,6,7,0.06963785592005162,5.419300489112322e-05,0.06122302968661547,0.02687212239384873,0.0007782118529516475,False,0.0008851735232399133,False,2.459210364256834,2.5363609528748623,0.07715058861802815,0.15980462089762895,0.004875475235486942,0.08184300529557927,True,True,True
4,10,1,1,fixed continuous c,9,10,0.04946706692955133,1.0312755265695639e-05,0.045176812878023165,0.015064312501887278,0.00020847719312694607,False,0.00022827540520709043,False,2.459210364256834,2.4990144406313437,0.039804076374509556,0.13853868740725503,0.002126939797252804,0.02477489976586127,True,True,True
4,10,1,1,fixed continuous c,13,14,0.03591238770950517,2.13240778262902e-06,0.0336271001186631,0.008480201819093425,5.9378056393187733e-05,False,6.341337121262888e-05,False,2.459210364256834,2.480424706658072,0.02121434240123765,0.12017205773998416,0.0009671796763498416,0.011032677705890346,True,True,True
4,10,1,1,fixed continuous c,21,22,0.023307207462077317,2.495850613959405e-07,0.022331800729238016,0.0037822964741097698,1.0708492718487844e-05,False,1.1176217467728434e-05,False,2.459210364256834,2.468212493669492,0.009002129412657656,0.09836269609490753,0.00033088898103384053,0.005530381970532603,True,True,True
4,10,1,1,fixed continuous c,33,34,0.015304400615017977,3.0679767282215664e-08,0.014879433273682796,0.0016875398292156008,2.0046369703698213e-06,False,2.0618908474477226e-06,False,2.459210364256834,2.463104137889365,0.0038937736325310723,0.08048615944120469,0.00011601102751892552,0.0030235352537691267,True,True,True
4,10,1,1,fixed continuous c,49,50,0.01050741808434924,4.693312072312494e-09,0.010305683130171717,0.0008112406435590303,4.4666653926173975e-07,False,4.5541008907716076e-07,False,2.459210364256834,2.4610481505025517,0.0018377862457175098,0.06707160321919496,4.5374696356597625e-05,0.0017466325557996994,True,True,True
4,10,1,1,fixed continuous c,65,66,0.008002036818721525,1.2035639707086432e-09,0.007884572764072784,0.0004752333579822188,1.5040720231289e-07,False,1.526479628918969e-07,False,2.459210364256834,2.4602767663736214,0.0010664021167872129,0.058704094250720484,2.2977945131148353e-05,0.0011691613811022096,True,True,True
4,10,1,1,fixed continuous c,97,98,0.005419232999053114,1.7158430232200317e-10,0.005365128698388011,0.00022018311217669728,3.1662100956350015e-08,False,3.1981395408754467e-08,False,2.459210364256834,2.4596996500474853,0.0004892857906511061,0.048455395987421636,8.676338934200965e-06,0.0006561920374637566,True,True,True
4,20,4,4,fixed continuous c,9,10,0.09958625319800507,0.0003533276038709121,0.08946852139310174,0.02797557673655049,0.003547955591505174,False,0.0039491834487627355,False,3.153665291076467,3.3624763209640176,0.20881102988755051,0.1951509847417383,0.013188721358582409,0.39065856058660053,True,True,True
4,20,4,4,fixed continuous c,12,13,0.07473466132698814,8.865119503925767e-05,0.06915587417243324,0.01751096235873678,0.0011862125747968567,False,0.0012819040479224483,False,3.153665291076467,3.274570525671949,0.12090523459548175,0.1753070098198108,0.0066080803927066195,0.320188643294495,True,True,True
4,20,4,4,fixed continuous c,16,17,0.056675783969904636,2.2876237596891613e-05,0.05349590261658105,0.010782386658176435,0.0004036333685130691,False,0.00042762597653228727,False,3.153665291076467,3.2242900073635723,0.0706247162871052,0.1564390914525457,0.0033570276314185575,0.30101314929650524,True,True,True
4,20,4,4,fixed continuous c,24,25,0.03855093567776097,3.3990234140635067e-06,0.037083413380986696,0.005299251358595436,8.816967355799654e-05,False,9.165886050301519e-05,False,3.153665291076467,3.186718560604734,0.03305326952826704,0.13200348023731753,0.001294042264870814,0.15022562796376537,True,True,True
4,20,4,4,fixed continuous c,36,37,0.02618550922485774,4.959453546171666e-07,0.02550681815701461,0.0025349086933909026,1.893968722771176e-05,False,1.9443638621024044e-05,False,3.153665291076467,3.1689966141359074,0.015331323059440294,0.11039533290499118,0.0004942988710143542,0.039999782878163054,True,True,True
4,20,4,4,fixed continuous c,52,53,0.018380002766241965,8.482030955381248e-08,0.01804449724133339,0.001274905272751481,4.614814841573341e-06,False,4.700619164911946e-06,False,3.153665291076467,3.1612360432099154,0.007570752133448266,0.09331042618359431,0.00020441977480842752,0.009481499046979508,True,True,True
4,20,4,4,fixed continuous c,68,69,0.014168875530182479,2.31239704051589e-08,0.013969010308348795,0.0007655402611569939,1.6320257987940057e-06,False,1.655376429304981e-06,False,3.153665291076467,3.158168257795632,0.004502966719164725,0.08230765605719205,0.00010673442181239904,0.0034972986137695237,True,True,True
4,20,4,4,fixed continuous c,100,101,0.009721477285612401,3.5195207859217703e-09,0.009627101381852687,0.0003641511351008542,3.6203559217595387e-07,False,3.6558468082159703e-07,False,3.153665291076467,3.1557864585206783,0.0021211674442112027,0.06850547819710949,4.1640633076127905e-05,0.0013084216325525348,True,True,True
4,40,11,10,fixed continuous c,16,17,0.09519222324970167,0.0008211555174562069,0.08862175832836006,0.006811292366748156,0.008626287835532619,False,0.009265845464425038,False,3.312286108435428,3.636225093168168,0.32393898473273985,0.22719695962575484,0.023911968576442746,0.43648469681507773,True,True,True
4,40,11,10,fixed continuous c,19,20,0.07822298794112426,0.0003028406864055144,0.0739994812064384,0.0038655446114931324,0.003871504967739818,False,0.004092470399362279,False,3.312286108435428,3.5327576847662345,0.2204715763308065,0.21148542284147961,0.014526877975434562,0.40112959781796487,True,True,True
4,40,11,10,fixed continuous c,23,24,0.06390035771670466,0.00010794380968282002,0.06116854746349876,0.002197644636332874,0.0016892520408317159,False,0.0017646946700382836,False,3.312286108435428,3.4596174358638456,0.1473313274284176,0.19522780379165833,0.008674167219191486,0.36159894637582735,True,True,True
4,40,11,10,fixed continuous c,31,32,0.047316891518973,2.3316475193602137e-05,0.04585591207858486,0.0009982797890074613,0.0004927727592640517,False,0.0005084726077118233,False,3.312286108435428,3.3927709566240494,0.08048484818862134,0.17188394248075892,0.004031706152580053,0.31331247142092783,True,True,True
4,40,11,10,fixed continuous c,43,44,0.034335158717717196,4.562762964122058e-06,0.033574766852920934,0.0004592451872688086,0.00013288894341902775,False,0.00013589857478712788,False,3.312286108435428,3.354393277249272,0.04210716881384391,0.14887705626114078,0.001783519384706451,0.27042346652222327,True,True,True
4,40,11,10,fixed continuous c,59,60,0.025240253478681973,9.588071999688808e-07,0.024831076818195297,0.0002292610651752902,3.7987225476110744e-05,False,3.861319454604974e-05,False,3.312286108435428,3.3348992724439555,0.02261316400852742,0.12905503882423905,0.0008175810009846684,0.21676755053538888,True,True,True
4,40,11,10,fixed continuous c,75,76,0.01998379095138081,2.9444528659716696e-07,0.01972755508626156,0.00013844618826086563,1.4734205702688349e-05,False,1.4925584306299627e-05,False,3.312286108435428,3.3264018569295124,0.014115748494084368,0.11553433366454935,0.0004530725176375797,0.2025648093345971,True,True,True
4,40,11,10,fixed continuous c,107,108,0.014125219061121075,5.117482260175166e-08,0.013997188580780917,6.69481985132725e-05,3.622940103110165e-06,False,3.6560786693992346e-06,False,3.312286108435428,3.3193020283998074,0.007015919964379336,0.09777295585175233,0.0001888834551736262,0.09822078186537722,True,True,True
4,80,23,23,fixed continuous c,28,29,0.15069278160001343,0.004924918758296981,0.14082290846487766,0.01625448628452708,0.032681849163613434,False,0.03497242609163476,False,5.71427442868905,6.829444279784588,1.115169851095538,0.21570938766241188,0.04924244100378245,0.47048772455566934,True,True,True
4,80,23,23,fixed continuous c,31,32,0.12560045224557737,0.002147329746700788,0.11950165885574937,0.012893314946882062,0.01709651285731258,False,0.017969037143600097,False,5.71427442868905,6.525548477429615,0.8112740487405645,0.20710399182938544,0.03260883372024547,0.4483202145562434,True,True,True
4,80,23,23,fixed continuous c,35,36,0.1049811226323294,0.0009218534132356959,0.10104754026605473,0.009940448946589797,0.008781135028097015,False,0.009122967375638114,False,5.71427442868905,6.299350193519472,0.5850757648304219,0.1968175534914575,0.02139251871335779,0.41871669713027365,True,True,True
4,80,23,23,fixed continuous c,43,44,0.08085089437481313,0.00026111793254485205,0.07868159692592136,0.006519492531401105,0.0032296233030440803,False,0.0033186658983382646,False,5.71427442868905,6.071858114867515,0.35758368617846514,0.18008808616475414,0.011393099189743567,0.3735429672402528,True,True,True
4,80,23,23,fixed continuous c,55,56,0.06115403710669559,6.63310400215722e-05,0.05996507876487206,0.003992780795693596,0.0010846551292410063,False,0.0011061611422485008,False,5.71427442868905,5.922714032636037,0.2084396039469869,0.1615455969306143,0.005743385262073835,0.32923009687031457,True,True,True
4,80,23,23,fixed continuous c,71,72,0.046591418993016664,1.7261576611637963e-05,0.04591667408861966,0.0024152882716451662,0.00037048832134143,False,0.0003759326422101684,False,5.71427442868905,5.836542438303541,0.12226800961449058,0.14399128153403465,0.0029300256480584825,0.29063706050666716,True,True,True
4,80,23,23,fixed continuous c,87,88,0.0377704161488584,6.082102308013759e-06,0.03733138930102142,0.0016209899358519686,0.0001610282048268507,False,0.00016292193839802653,False,5.71427442868905,5.795031940721281,0.08075751203223103,0.13119465394347166,0.0017392538910139981,0.26331531169135725,True,True,True
4,80,23,23,fixed continuous c,119,120,0.02749156379003126,1.2494447607092063e-06,0.02726088741864452,0.0008765454897664005,4.544829716679371e-05,False,4.583287189156852e-05,False,5.71427442868905,5.757253128043383,0.042978699354333294,0.11339826995301235,0.0007883095630344604,0.22805059486024754,True,True,True
